code,code_norm,equiv,equiv_norm,src
BSC24-N40G1,BSC24N40G1,BSC24-01N4006EV,BSC2401N4006EV,datapin_b
BSC24-N40G1,BSC24N40G1,BSC25-09N20E,BSC2509N20E,datapin_b
BSC24-N40G1,BSC24N40G1,BSC25-T1010A,BSC25T1010A,datapin_b
BSC24-N40G1,BSC24N40G1,BSC25-Z603F,BSC25Z603F,datapin_b
BSC24-N40G1,BSC24N40G1,BSC24-01N4006EVR,BSC2401N4006EVR,datapin_b
BSC24-N40G1,BSC24N40G1,BCS28-2198,BCS282198,datapin_b
BSC25-3504V,BSC253504V,BSC22-0106,BSC220106,datapin_b
BSC25-3504V,BSC253504V,BSC25-05N1418,BSC2505N1418,datapin_b
BSC25-3504V,BSC253504V,BSC25-05N2135C,BSC2505N2135C,datapin_b
BSC25-N0449,BSC25N0449,BSC22-68F03,BSC2268F03,datapin_b
BSC22-68F03,BSC2268F03,BSC25-N0449,BSC25N0449,datapin_b
FCM2014FL,FCM2014FL,FCM14A025,FCM14A025,datapin_b
FCM14A025,FCM14A025,FCM2014FL,FCM2014FL,datapin_b
JF0501-1914,JF05011914,BSC25-0231,BSC250231,datapin_b
BSC25-0231,BSC250231,JF0501-1914,JF05011914,datapin_b
BSC25-F1125A,BSC25F1125A,BSC24-014001D,BSC24014001D,datapin_b
BSC25-F1125A,BSC25F1125A,BSC25-N0321,BSC25N0321,datapin_b
BSC25-F1125A,BSC25F1125A,BSC25-N1534,BSC25N1534,datapin_b
BSC25-F1125A,BSC25F1125A,BSC25-N1634,BSC25N1634,datapin_b
BSC25-F1125A,BSC25F1125A,BSC25-Z1003,BSC25Z1003,datapin_b
BSC25-F1125A,BSC25F1125A,BSC25-Z2705,BSC25Z2705,datapin_b
BSC25-F1125A,BSC25F1125A,BSC25-Z2706,BSC25Z2706,datapin_b
BSC25-F1125A,BSC25F1125A,BSC25-N0313,BSC25N0313,datapin_b
BSC25-N0313,BSC25N0313,BSC24-014001D,BSC24014001D,datapin_b
BSC25-N0313,BSC25N0313,BSC25-N0321,BSC25N0321,datapin_b
BSC25-N0313,BSC25N0313,BSC25-N1534,BSC25N1534,datapin_b
BSC25-N0313,BSC25N0313,BSC25-N1634,BSC25N1634,datapin_b
BSC25-N0313,BSC25N0313,BSC25-Z1003,BSC25Z1003,datapin_b
BSC25-N0313,BSC25N0313,BSC25-Z2705,BSC25Z2705,datapin_b
BSC25-N0313,BSC25N0313,BSC25-Z2706,BSC25Z2706,datapin_b
BSC25-N0313,BSC25N0313,BSC25-F1125A,BSC25F1125A,datapin_b
BSC25-2678S,BSC252678S,BCS25-N1603,BCS25N1603,datapin_b
BSC25-2678S,BSC252678S,BSC25-0113,BSC250113,datapin_b
BSC25-2678S,BSC252678S,BSC25-023D,BSC25023D,datapin_b
BSC25-023D,BSC25023D,BCS25-N1603,BCS25N1603,datapin_b
BSC25-023D,BSC25023D,BSC25-0113,BSC250113,datapin_b
BSC25-023D,BSC25023D,BSC25-2678S,BSC252678S,datapin_b
BSC25-0113,BSC250113,BCS25-N1603,BCS25N1603,datapin_b
BSC25-0113,BSC250113,BSC25-023D,BSC25023D,datapin_b
BSC25-0113,BSC250113,BSC25-2678S,BSC252678S,datapin_b
BSC25-N0211,BSC25N0211,BSC25-05N2120R,BSC2505N2120R,datapin_b
TFB4125CH,TFB4125CH,TFB4122BD,TFB4122BD,datapin_b
BSC25-05N2135C,BSC2505N2135C,BSC22-0106,BSC220106,datapin_b
BSC25-05N2135C,BSC2505N2135C,BSC25-05N1418,BSC2505N1418,datapin_b
BSC25-05N2135C,BSC2505N2135C,BSC25-3504V,BSC253504V,datapin_b
FCM-20B061N,FCM20B061N,JF0601-19577,JF060119577,datapin_b
JF0601-19577,JF060119577,FCM-20B061N,FCM20B061N,datapin_b
BCS28-2198,BCS282198,BSC24-01N4006EV,BSC2401N4006EV,datapin_b
BCS28-2198,BCS282198,BSC25-09N20E,BSC2509N20E,datapin_b
BCS28-2198,BCS282198,BSC25-T1010A,BSC25T1010A,datapin_b
BCS28-2198,BCS282198,BSC25-Z603F,BSC25Z603F,datapin_b
BCS28-2198,BCS282198,BSC24-01N4006EVR,BSC2401N4006EVR,datapin_b
BCS28-2198,BCS282198,BSC24-N40G1,BSC24N40G1,datapin_b
6174Z-6238L,6174Z6238L,154-177B,154177B,datapin_b
6174Z-6238L,6174Z6238L,154-064P,154064P,datapin_b
6174Z-6238L,6174Z6238L,FCK-14B047,FCK14B047,datapin_b
6174Z-6238L,6174Z6238L,JF0501-1206,JF05011206,datapin_b
6174Z-6238L,6174Z6238L,JF0501-91802,JF050191802,datapin_b
154-374A,154374A,154-177B,154177B,datapin_b
154-374A,154374A,154-064P,154064P,datapin_b
154-374A,154374A,FCK-14B047,FCK14B047,datapin_b
154-374A,154374A,JF0501-1206,JF05011206,datapin_b
154-374A,154374A,JF0501-91802,JF050191802,datapin_b
154-374A,154374A,6174Z-6238L,6174Z6238L,datapin_b
JF0501-91802,JF050191802,154-177B,154177B,datapin_b
JF0501-91802,JF050191802,154-064P,154064P,datapin_b
JF0501-91802,JF050191802,FCK-14B047,FCK14B047,datapin_b
JF0501-91802,JF050191802,JF0501-1206,JF05011206,datapin_b
JF0501-91802,JF050191802,154-374A,154374A,datapin_b
JF0501-91802,JF050191802,6174Z-6238L,6174Z6238L,datapin_b
BCS25-N1603,BCS25N1603,BSC25-0113,BSC250113,datapin_b
BCS25-N1603,BCS25N1603,BSC25-023D,BSC25023D,datapin_b
BCS25-N1603,BCS25N1603,BSC25-2678S,BSC252678S,datapin_b
BSC23-N0121,BSC23N0121,6174V-6006H,6174V6006H,datapin_b
BSC23-N0121,BSC23N0121,6174V-6006E,6174V6006E,datapin_b
6174V-6006E,6174V6006E,6174V-6006H,6174V6006H,datapin_b
6174V-6006E,6174V6006E,BSC23-N0121,BSC23N0121,datapin_b
6174V-6006H,6174V6006H,6174V-6006E,6174V6006E,datapin_b
6174V-6006H,6174V6006H,BSC23-N0121,BSC23N0121,datapin_b
FA137WJZZ,FA137WJZZ,BSC25-0217B,BSC250217B,datapin_b
BSC25-0217B,BSC250217B,FA137WJZZ,FA137WJZZ,datapin_b
L40B9001,L40B9001,L40B05500,L40B05500,datapin_b
L40B05500,L40B05500,L40B9001,L40B9001,datapin_b
FCM14A032,FCM14A032,FCK14A006,FCK14A006,datapin_b
FCM14A032,FCM14A032,FCM2015HE,FCM2015HE,datapin_b
FCM2015HE,FCM2015HE,FCK14A006,FCK14A006,datapin_b
FCM2015HE,FCM2015HE,FCM14A032,FCM14A032,datapin_b
FCK14A006,FCK14A006,FCM2015HE,FCM2015HE,datapin_b
FCK14A006,FCK14A006,FCM14A032,FCM14A032,datapin_b
JF0501-1206,JF05011206,154-177B,154177B,datapin_b
JF0501-1206,JF05011206,154-064P,154064P,datapin_b
JF0501-1206,JF05011206,FCK-14B047,FCK14B047,datapin_b
JF0501-1206,JF05011206,JF0501-91802,JF050191802,datapin_b
JF0501-1206,JF05011206,154-374A,154374A,datapin_b
JF0501-1206,JF05011206,6174Z-6238L,6174Z6238L,datapin_b
FSA16012M,FSA16012M,DCF-2077D,DCF2077D,datapin_b
FSA16012M,FSA16012M,DCF-2077A,DCF2077A,datapin_b
FSA16012M,FSA16012M,DCF-1577,DCF1577,datapin_b
DCF-1577,DCF1577,DCF-2077D,DCF2077D,datapin_b
DCF-1577,DCF1577,DCF-2077A,DCF2077A,datapin_b
DCF-1577,DCF1577,FSA16012M,FSA16012M,datapin_b
DCF-2077A,DCF2077A,DCF-2077D,DCF2077D,datapin_b
DCF-2077A,DCF2077A,DCF-1577,DCF1577,datapin_b
DCF-2077A,DCF2077A,FSA16012M,FSA16012M,datapin_b
DCF-2077D,DCF2077D,DCF-2077A,DCF2077A,datapin_b
DCF-2077D,DCF2077D,DCF-1577,DCF1577,datapin_b
DCF-2077D,DCF2077D,FSA16012M,FSA16012M,datapin_b
F0141PE-M,F0141PEM,F0194PEN1-SA,F0194PEN1SA,datapin_b
F0141PE-M,F0141PEM,F0193PEN1-SA,F0193PEN1SA,datapin_b
F0141PE-M,F0141PEM,F0147PE-M,F0147PEM,datapin_b
F0141PE-M,F0141PEM,BCS21-2647,BCS212647,datapin_b
F0141PE-M,F0141PEM,F0101KM-SA,F0101KMSA,datapin_b
F0141PE-M,F0141PEM,F0102KM,F0102KM,datapin_b
F0141PE-M,F0141PEM,F02299PE-B,F02299PEB,datapin_b
FCK-14B047,FCK14B047,154-177B,154177B,datapin_b
FCK-14B047,FCK14B047,154-064P,154064P,datapin_b
FCK-14B047,FCK14B047,JF0501-1206,JF05011206,datapin_b
FCK-14B047,FCK14B047,JF0501-91802,JF050191802,datapin_b
FCK-14B047,FCK14B047,154-374A,154374A,datapin_b
FCK-14B047,FCK14B047,6174Z-6238L,6174Z6238L,datapin_b
TFB4122BD,TFB4122BD,TFB4125CH,TFB4125CH,datapin_b
TFB4122BD,TFB4122BD,BSC24-01N40K,BSC2401N40K,datapin_b
TLF4G503F,TLF4G503F,TLF15644F1,TLF15644F1,datapin_b
TLF4G503F,TLF4G503F,TLF4N052,TLF4N052,datapin_b
TLF4N052,TLF4N052,TLF15644F1,TLF15644F1,datapin_b
TLF4N052,TLF4N052,TLF4G503F,TLF4G503F,datapin_b
F02299PE-B,F02299PEB,F0194PEN1-SA,F0194PEN1SA,datapin_b
F02299PE-B,F02299PEB,F0193PEN1-SA,F0193PEN1SA,datapin_b
F02299PE-B,F02299PEB,F0147PE-M,F0147PEM,datapin_b
F02299PE-B,F02299PEB,BCS21-2647,BCS212647,datapin_b
F02299PE-B,F02299PEB,F0101KM-SA,F0101KMSA,datapin_b
F02299PE-B,F02299PEB,F0102KM,F0102KM,datapin_b
F02299PE-B,F02299PEB,F0141PE-M,F0141PEM,datapin_b
F0102KM,F0102KM,F0194PEN1-SA,F0194PEN1SA,datapin_b
F0102KM,F0102KM,F0193PEN1-SA,F0193PEN1SA,datapin_b
F0102KM,F0102KM,F0147PE-M,F0147PEM,datapin_b
F0102KM,F0102KM,BCS21-2647,BCS212647,datapin_b
F0102KM,F0102KM,F0101KM-SA,F0101KMSA,datapin_b
F0102KM,F0102KM,F02299PE-B,F02299PEB,datapin_b
F0102KM,F0102KM,F0141PE-M,F0141PEM,datapin_b
F0101KM-SA,F0101KMSA,F0194PEN1-SA,F0194PEN1SA,datapin_b
F0101KM-SA,F0101KMSA,F0193PEN1-SA,F0193PEN1SA,datapin_b
F0101KM-SA,F0101KMSA,F0147PE-M,F0147PEM,datapin_b
F0101KM-SA,F0101KMSA,BCS21-2647,BCS212647,datapin_b
F0101KM-SA,F0101KMSA,F0102KM,F0102KM,datapin_b
F0101KM-SA,F0101KMSA,F02299PE-B,F02299PEB,datapin_b
F0101KM-SA,F0101KMSA,F0141PE-M,F0141PEM,datapin_b
BSC24-08B,BSC2408B,BSC23-01N16,BSC2301N16,datapin_b
BSC24-08B,BSC2408B,BSC24-01N36,BSC2401N36,datapin_b
BSC24-08B,BSC2408B,BSC24-09G,BSC2409G,datapin_b
BSC24-08B,BSC2408B,BSC25-4803T,BSC254803T,datapin_b
BSC24-08B,BSC2408B,BSC25-N1617,BSC25N1617,datapin_b
BSC24-08B,BSC2408B,BSC25-Z601F,BSC25Z601F,datapin_b
BSC24-08B,BSC2408B,BSC24-01N4019L,BSC2401N4019L,datapin_b
BSC25-Z601F,BSC25Z601F,BSC23-01N16,BSC2301N16,datapin_b
BSC25-Z601F,BSC25Z601F,BSC24-01N36,BSC2401N36,datapin_b
BSC25-Z601F,BSC25Z601F,BSC24-09G,BSC2409G,datapin_b
BSC25-Z601F,BSC25Z601F,BSC25-4803T,BSC254803T,datapin_b
BSC25-Z601F,BSC25Z601F,BSC25-N1617,BSC25N1617,datapin_b
BSC25-Z601F,BSC25Z601F,BSC24-08B,BSC2408B,datapin_b
BSC25-Z601F,BSC25Z601F,BSC24-01N4019L,BSC2401N4019L,datapin_b
BSC25-N1617,BSC25N1617,BSC23-01N16,BSC2301N16,datapin_b
BSC25-N1617,BSC25N1617,BSC24-01N36,BSC2401N36,datapin_b
BSC25-N1617,BSC25N1617,BSC24-09G,BSC2409G,datapin_b
BSC25-N1617,BSC25N1617,BSC25-4803T,BSC254803T,datapin_b
BSC25-N1617,BSC25N1617,BSC25-Z601F,BSC25Z601F,datapin_b
BSC25-N1617,BSC25N1617,BSC24-08B,BSC2408B,datapin_b
BSC25-N1617,BSC25N1617,BSC24-01N4019L,BSC2401N4019L,datapin_b
FSV-14A004C,FSV14A004C,FOK14A001,FOK14A001,datapin_b
FSV-14A004C,FSV14A004C,AA26-002101A,AA26002101A,datapin_b
F0147PE-M,F0147PEM,F0194PEN1-SA,F0194PEN1SA,datapin_b
F0147PE-M,F0147PEM,F0193PEN1-SA,F0193PEN1SA,datapin_b
F0147PE-M,F0147PEM,BCS21-2647,BCS212647,datapin_b
F0147PE-M,F0147PEM,F0101KM-SA,F0101KMSA,datapin_b
F0147PE-M,F0147PEM,F0102KM,F0102KM,datapin_b
F0147PE-M,F0147PEM,F02299PE-B,F02299PEB,datapin_b
F0147PE-M,F0147PEM,F0141PE-M,F0141PEM,datapin_b
FOK14A001,FOK14A001,AA26-002101A,AA26002101A,datapin_b
FOK14A001,FOK14A001,FSV-14A004C,FSV14A004C,datapin_b
154-177B,154177B,154-064P,154064P,datapin_b
154-177B,154177B,FCK-14B047,FCK14B047,datapin_b
154-177B,154177B,JF0501-1206,JF05011206,datapin_b
154-177B,154177B,JF0501-91802,JF050191802,datapin_b
154-177B,154177B,154-374A,154374A,datapin_b
154-177B,154177B,6174Z-6238L,6174Z6238L,datapin_b
TLF15644F1,TLF15644F1,TLF4N052,TLF4N052,datapin_b
TLF15644F1,TLF15644F1,TLF4G503F,TLF4G503F,datapin_b
